ID,Name,Age,District,Salary_NPR,Department,Experience_Years,Rating,Join_Date
1,Vidur Hans,54,Pokhara,56737,Marketing,29,4.6,1/1/2000
2,Zeeshan Kapadia,41,Bhaktapur,137972,Human Resources,2,4.4,1/2/2000
3,Kartik Sane,46,Chitwan,117427,Operations,36,3,1/3/2000
4,Divij Bobal,38,Chitwan,44124,Operations,19,1.1,1/4/2000
5,Uthkarsh Butala,31,Lalitpur,90102,Information Technology,7,3.1,1/5/2000
6,Samar Thaker,39,Lalitpur,22196,Marketing,26,3.8,1/6/2000
7,Kaira Walla,20,Butwal,81527,Information Technology,15,2.4,1/7/2000
8,Baiju Krishna,40,Nepalgunj,116651,Information Technology,38,1.4,1/8/2000
9,Ira Karpe,,Kathmandu,135477,Operations,3,2.1,1/9/2000
10,Yuvraj  Dhar,29,Kathmandu,105395,Information Technology,38,4.1,1/10/2000
11,Azad Subramaniam,51,Biratnagar,31345,Human Resources,16,2.4,1/11/2000
12,Vedika Mane,58,Biratnagar,144544,Information Technology,2,4.2,1/12/2000
13,Devansh Chaudhary,41,Chitwan,54077,Human Resources,31,2.3,1/13/2000
14,Samaira Lanka,,Chitwan,86400,Operations,28,1.7,1/14/2000
15,Ranbir Bala,51,Pokhara,32055,Marketing,,2.7,1/15/2000
16,Yuvaan Ben,46,Pokhara,123693,Human Resources,30,2.8,1/16/2000
17,Vedika Bhatt,47,Kathmandu,105283,Marketing,7,1.1,1/17/2000
18,Bhamini Johal,37,Nepalgunj,64484,,36,1.5,1/18/2000
19,Lavanya Kurian,58,Biratnagar,97514,Human Resources,29,1.7,1/19/2000
20,Jayant Dyal,48,Kathmandu,110135,Operations,24,1.5,1/20/2000
21,Pranay Aggarwal,37,Nepalgunj,55771,Finance,39,,1/21/2000
22,Veer Bava,27,Kathmandu,132478,Marketing,4,4.9,1/22/2000
23,Devansh Kibe,50,Biratnagar,77654,Marketing,29,3,1/23/2000
24,Taimur Bir,53,Bhaktapur,66540,Operations,5,3.5,1/24/2000
25,Madhav Sharma,26,Pokhara,103151,Operations,29,2.4,1/25/2000
26,Mannat Das,55,Butwal,126263,Information Technology,30,2.3,1/26/2000
27,Purab Sandal,37,Butwal,130284,Operations,29,,1/27/2000
28,Dishani Chahal,57,Butwal,,Marketing,,3,1/28/2000
29,Dhruv Varma,28,Biratnagar,124885,Human Resources,19,2.9,1/29/2000
30,Taimur Bora,28,Lalitpur,142393,Finance,26,1.6,1/30/2000
31,Arhaan Varkey,27,Lalitpur,49377,Information Technology,37,4.1,1/31/2000
32,Misha Bains,54,Lalitpur,115567,,27,3,2/1/2000
33,Ira Badami,37,Chitwan,69573,Finance,30,2.4,2/2/2000
34,Vihaan Gade,24,Pokhara,62733,Finance,30,1.6,2/3/2000
35,Indrajit Rao,33,Pokhara,149344,Finance,3,3.2,2/4/2000
36,Veer Khare,47,Bhaktapur,31760,Human Resources,7,4,2/5/2000
37,Ranbir Dhillon,49,Bhaktapur,133226,Information Technology,9,2.1,2/6/2000
38,Sana Barman,23,Chitwan,,Information Technology,13,1.9,2/7/2000
39,Ishita Bhatia,,,45762,Finance,15,3.1,2/8/2000
40,Jivika Krishnan,39,Nepalgunj,70986,Human Resources,5,1.6,2/9/2000
41,Anaya Soman,44,Bhaktapur,54332,Finance,29,3.7,2/10/2000
42,Drishya Chacko,47,Butwal,60100,,35,3.4,2/11/2000
43,Shaan Bava,31,Lalitpur,24944,Information Technology,27,1.3,2/12/2000
44,Renee Saini,21,Butwal,68825,Marketing,27,1.1,2/13/2000
45,Ela Desai,33,Lalitpur,33877,Finance,8,3.5,2/14/2000
46,Indrans Khare,41,Butwal,49990,,32,2.2,2/15/2000
47,Stuvan Goswami,50,,149065,Information Technology,20,1.3,2/16/2000
48,Kiara Gera,42,Nepalgunj,128443,Human Resources,10,4,2/17/2000
49,Rasha Sandhu,39,Butwal,119612,Information Technology,13,2.3,2/18/2000
50,Kavya Kar,57,Butwal,137674,Human Resources,29,2.8,2/19/2000
51,Madhup Deol,23,Biratnagar,135074,Human Resources,35,1.9,2/20/2000
52,Baiju Chad,34,Nepalgunj,75283,Finance,8,3.5,2/21/2000
53,Hunar Bala,43,,144041,Finance,29,2.2,2/22/2000
54,Manjari Maharaj,44,Biratnagar,23258,Information Technology,31,4.9,2/23/2000
55,Madhav Borde,20,Pokhara,140809,Operations,30,3.8,2/24/2000
56,Gatik Sanghvi,26,Nepalgunj,51629,Information Technology,,1.5,2/25/2000
57,Onkar Chander,50,Chitwan,57579,Marketing,21,2.7,2/26/2000
58,Shayak Lala,31,Nepalgunj,42958,Human Resources,12,2.5,2/27/2000
59,Sumer Loke,24,Nepalgunj,59465,Human Resources,11,3.1,2/28/2000
60,Anay Shukla,57,Butwal,105853,Finance,2,4.4,2/29/2000
61,Nirvaan Sandhu,31,Pokhara,35775,Operations,2,3.3,3/1/2000
62,Aaryahi Wadhwa,58,Nepalgunj,96575,Finance,34,1.2,3/2/2000
63,Trisha Shetty,,Bhaktapur,114633,Marketing,3,3.6,3/3/2000
64,Hridaan Arora,21,Bhaktapur,54207,Information Technology,16,1,3/4/2000
65,Zaina Zacharia,29,Biratnagar,42553,Information Technology,4,4.1,3/5/2000
66,Neelofar Bahl,34,Butwal,129938,Operations,23,3.7,3/6/2000
67,Mishti Gala,49,Butwal,73632,Finance,20,2.2,3/7/2000
68,Nayantara Saini,36,Nepalgunj,20055,Finance,25,2.2,3/8/2000
69,Yashvi Dutt,23,Kathmandu,138012,Marketing,30,4.2,3/9/2000
70,Charvi Setty,26,Pokhara,108697,Information Technology,18,4.1,3/10/2000
71,Mohanlal Gill,50,Lalitpur,52873,Finance,11,2.4,3/11/2000
72,Kartik Deol,58,Lalitpur,121505,,29,2.2,3/12/2000
73,Adah Suresh,53,Kathmandu,100720,Information Technology,17,3.2,3/13/2000
74,Alia Sani,25,Biratnagar,86205,Marketing,26,1,3/14/2000
75,Hrishita Reddy,57,Lalitpur,98199,Operations,23,1.3,3/15/2000
76,Hunar Bhatt,53,Nepalgunj,45318,Human Resources,20,1.5,3/16/2000
77,Aarav Chanda,34,,53734,Marketing,2,1.7,3/17/2000
78,Kiara Yadav,33,Bhaktapur,102227,,24,3,3/18/2000
79,Tarini Khare,25,,,Finance,31,5,3/19/2000
80,Aarna Ramesh,56,,31656,Human Resources,27,3.6,3/20/2000
81,Stuvan Wable,51,Pokhara,35893,Marketing,2,1.2,3/21/2000
82,Hiran Bajaj,22,Biratnagar,131393,Finance,14,3.1,3/22/2000
83,Shray Yohannan,22,,36493,Human Resources,4,3,3/23/2000
84,Kiara Kaul,41,Pokhara,23632,Information Technology,13,,3/24/2000
85,Shlok Toor,41,Biratnagar,115872,Finance,36,4.7,3/25/2000
86,Charvi Chandran,,Lalitpur,108648,Operations,35,2.8,3/26/2000
87,Vanya Lala,22,Chitwan,81779,Marketing,8,5,3/27/2000
88,Emir Kata,31,Pokhara,58452,Human Resources,2,2.7,3/28/2000
89,Nitya Sastry,48,Lalitpur,33266,Finance,6,3.4,3/29/2000
90,Aaryahi Sura,36,Biratnagar,141187,Information Technology,31,1.4,3/30/2000
91,Anahita Bassi,26,Pokhara,136603,Marketing,10,2.8,3/31/2000
92,Amani Singhal,32,Butwal,81607,Marketing,21,2,4/1/2000
93,Nayantara Batta,21,Pokhara,36940,Finance,10,4.3,4/2/2000
94,Tanya Gill,,Lalitpur,44003,Information Technology,23,4.1,4/3/2000
95,Hansh Bose,29,Nepalgunj,147880,Human Resources,3,4.3,4/4/2000
96,Arnav Dhar,58,Nepalgunj,118408,Finance,32,3.9,4/5/2000
97,Kabir Wadhwa,43,Pokhara,54815,Human Resources,20,4.3,4/6/2000
98,Zara Behl,36,Butwal,50869,Marketing,10,1.8,4/7/2000
99,Indranil Trivedi,25,Chitwan,69297,Human Resources,29,2.8,4/8/2000
100,Saanvi Chadha,38,Chitwan,80107,Information Technology,34,3.8,4/9/2000
101,Amira Chander,24,Nepalgunj,102793,Operations,37,3.5,4/10/2000
102,Ayesha Chandra,51,Lalitpur,36682,,20,3.9,4/11/2000
103,Aarush Varma,29,Biratnagar,39622,Human Resources,8,1.9,4/12/2000
104,Purab Shroff,28,Lalitpur,50408,Finance,7,1.4,4/13/2000
105,Jivin Sarin,46,Chitwan,28837,Marketing,6,4.7,4/14/2000
106,Hansh Wason,32,Kathmandu,84210,Operations,11,3.2,4/15/2000
107,Shray Thakur,38,Kathmandu,,Finance,18,1.6,4/16/2000
108,Jivika Mall,40,Pokhara,49309,Finance,29,4.2,4/17/2000
109,Nitya Vaidya,43,Butwal,91918,Information Technology,25,4.7,4/18/2000
110,Riaan Singh,57,Nepalgunj,113190,Human Resources,21,1.7,4/19/2000
111,Sara Chhabra,,Bhaktapur,38895,Information Technology,3,4.3,4/20/2000
112,Ritvik Reddy,43,Bhaktapur,141284,Human Resources,18,4.7,4/21/2000
113,Kavya Thakkar,54,Bhaktapur,119087,Information Technology,24,,4/22/2000
114,Shlok Dara,22,Pokhara,106912,Finance,38,4.7,4/23/2000
115,Arhaan Soni,23,Kathmandu,20370,Marketing,10,3.2,4/24/2000
116,Alisha Madan,56,Chitwan,134212,Human Resources,27,2.4,4/25/2000
117,Zara Sathe,59,Pokhara,20486,Operations,12,1,4/26/2000
118,Nehmat Mangal,54,Bhaktapur,43762,Operations,7,1.2,4/27/2000
119,Piya Ramakrishnan,50,Bhaktapur,46613,Finance,17,2.7,4/28/2000
120,Mishti Gokhale,44,Nepalgunj,132804,Information Technology,1,2.6,4/29/2000
121,Indrajit Arora,,Lalitpur,23196,Information Technology,26,1.7,4/30/2000
122,Samar Sekhon,32,Bhaktapur,127856,Finance,15,2.6,5/1/2000
123,Dhruv Jaggi,23,Butwal,138975,Operations,33,1.7,5/2/2000
124,Nishith Ghosh,33,Bhaktapur,114937,Operations,37,4.4,5/3/2000
125,Vardaniya Mallick,32,Lalitpur,120565,Information Technology,31,2.2,5/4/2000
126,Ivan Dave,46,Bhaktapur,96349,Human Resources,35,3.4,5/5/2000
127,Shaan Varma,25,Butwal,84839,Marketing,1,3,5/6/2000
128,Yuvaan Dass,36,Chitwan,61916,Human Resources,8,1.2,5/7/2000
129,Ryan Sangha,55,Pokhara,28572,Operations,12,4.8,5/8/2000
130,Ahana  Mane,59,Butwal,133312,Human Resources,19,3.1,5/9/2000
131,Shayak Chaudhari,54,Lalitpur,48225,Marketing,25,2.3,5/10/2000
132,Renee Bala,36,Pokhara,65853,Human Resources,32,1.6,5/11/2000
133,Suhana Vohra,21,Pokhara,69390,Human Resources,12,2.4,5/12/2000
134,Anay Maharaj,32,Lalitpur,52275,Human Resources,13,1.1,5/13/2000
135,Charvi Hayer,21,Nepalgunj,92379,,28,2.5,5/14/2000
136,Raghav Saraf,47,Kathmandu,21105,Finance,,3.1,5/15/2000
137,Inaaya  Saraf,45,Bhaktapur,136074,Operations,6,4.5,5/16/2000
138,Kiara Manne,41,Butwal,79896,Marketing,8,3.7,5/17/2000
139,Rhea Ganguly,22,Lalitpur,63209,Operations,4,1.4,5/18/2000
140,Drishya Baral,54,Chitwan,117175,Finance,5,1.6,5/19/2000
141,Zoya Yadav,31,Biratnagar,62487,Finance,25,2.7,5/20/2000
142,Indrans Chandran,43,Lalitpur,38051,Finance,22,1.8,5/21/2000
143,Samarth Mand,24,Bhaktapur,114244,Finance,28,1.1,5/22/2000
144,Aarav Sahni,39,Bhaktapur,120995,Human Resources,39,4.2,5/23/2000
145,Anika Lall,58,Pokhara,142444,Operations,23,1.1,5/24/2000
146,Saanvi Chowdhury,58,Pokhara,97400,Information Technology,4,4.3,5/25/2000
147,Dhanush Bajwa,32,Lalitpur,,,4,1.6,5/26/2000
148,Lagan Contractor,31,Biratnagar,86961,,21,4.9,5/27/2000
149,Alia Bajwa,32,Nepalgunj,80156,Operations,37,3.4,5/28/2000
150,Nishith Srivastava,29,Lalitpur,134682,Finance,2,3.9,5/29/2000
151,Hansh Khanna,52,Biratnagar,77175,Finance,,1.4,5/30/2000
152,Bhavin Kata,59,Nepalgunj,26849,Finance,16,4.4,5/31/2000
153,Mishti Rajan,35,Biratnagar,121551,Finance,17,4.4,6/1/2000
154,Rania Randhawa,54,Bhaktapur,38976,Finance,20,3.6,6/2/2000
155,Vidur Kara,22,Bhaktapur,119794,Marketing,23,3,6/3/2000
156,Emir Jhaveri,24,Bhaktapur,135912,Operations,34,3.9,6/4/2000
157,Zaina Kara,45,Chitwan,137275,Finance,11,1,6/5/2000
158,Drishya Sura,30,Bhaktapur,76866,Finance,34,3.4,6/6/2000
159,Amani Mannan,26,Butwal,137752,Finance,33,4.4,6/7/2000
160,Vanya Ray,29,Pokhara,67078,Finance,26,2.4,6/8/2000
161,Azad Joshi,53,Pokhara,142492,Human Resources,,1.4,6/9/2000
162,Kiaan Sule,22,Biratnagar,,Human Resources,23,2.7,6/10/2000
163,Tiya Gokhale,27,Pokhara,135520,Information Technology,22,3.9,6/11/2000
164,Yakshit Toor,50,Kathmandu,35401,Finance,34,1.4,6/12/2000
165,Eva Deshmukh,30,Nepalgunj,32884,Information Technology,15,1.8,6/13/2000
166,Purab Ray,26,Biratnagar,104360,Marketing,10,1.6,6/14/2000
167,Zain Divan,21,Pokhara,57563,Information Technology,15,4.2,6/15/2000
168,Ishita Chhabra,25,Kathmandu,54414,Operations,29,1.3,6/16/2000
169,Amira Kalla,51,Nepalgunj,36142,Human Resources,23,3.7,6/17/2000
170,Taimur Yohannan,39,Chitwan,132610,Human Resources,17,2.5,6/18/2000
171,Akarsh Shan,53,Pokhara,135128,Finance,9,4,6/19/2000
172,Shaan Dixit,35,Kathmandu,91492,Finance,36,4.9,6/20/2000
173,Vanya Chaudhuri,44,Lalitpur,99464,Marketing,9,1.5,6/21/2000
174,Pihu Rana,31,Butwal,95257,Marketing,16,2.3,6/22/2000
175,Samaira Krish,26,Lalitpur,96693,Operations,36,4.2,6/23/2000
176,Purab Jain,58,Kathmandu,55135,Finance,33,2.1,6/24/2000
177,Gatik Raman,36,Biratnagar,92232,Finance,31,1.9,6/25/2000
178,Nakul Kumar,30,Bhaktapur,47862,Marketing,6,4.3,6/26/2000
179,Aayush Wable,25,Bhaktapur,,Marketing,10,4.9,6/27/2000
180,Armaan Guha,42,Bhaktapur,90199,Marketing,16,3.2,6/28/2000
181,Aradhya Sem,46,Nepalgunj,125366,Human Resources,4,2.1,6/29/2000
182,Samar Mane,25,Biratnagar,24331,Information Technology,22,2.6,6/30/2000
183,Parinaaz Shetty,57,Nepalgunj,144184,Information Technology,13,1.7,7/1/2000
184,Taimur Chana,21,Pokhara,72186,Finance,16,4,7/2/2000
185,Shanaya Mannan,41,Bhaktapur,64648,Human Resources,29,4.1,7/3/2000
186,Aayush Goda,,Lalitpur,48549,Marketing,6,4.5,7/4/2000
187,Biju Devi,44,Biratnagar,101782,Finance,26,1.1,7/5/2000
188,Damini Bhandari,34,Biratnagar,45761,Human Resources,11,3.2,7/6/2000
189,Kiara Luthra,48,Bhaktapur,23262,Operations,24,,7/7/2000
190,Mohanlal Chadha,27,Lalitpur,131624,Human Resources,29,2.4,7/8/2000
191,Mehul Madan,56,Chitwan,71259,Finance,3,4.1,7/9/2000
192,Vritika Mahal,52,Biratnagar,92572,Information Technology,10,1.8,7/10/2000
193,Kismat Ghosh,41,Bhaktapur,144720,Marketing,1,3.6,7/11/2000
194,Suhana Zachariah,24,Butwal,73472,Operations,26,,7/12/2000
195,Mehul Choudhury,58,Kathmandu,107858,Human Resources,12,4.8,7/13/2000
196,Zain Sathe,37,Nepalgunj,104667,Finance,14,4.1,7/14/2000
197,Yuvaan Jayaraman,57,Pokhara,24677,Finance,25,4.2,7/15/2000
198,Kaira Ravi,56,Biratnagar,93508,Marketing,8,3.1,7/16/2000
199,Kanav Dara,49,,100865,Finance,4,1.7,7/17/2000
200,Azad Ganesh,50,Butwal,122568,Finance,28,2.7,7/18/2000
201,Eva Ganesan,29,Biratnagar,121437,Marketing,7,3.2,7/19/2000
202,Nirvaan Salvi,,Chitwan,129916,Operations,10,3.7,7/20/2000
203,Neysa Devi,37,Kathmandu,70617,Information Technology,36,3.4,7/21/2000
204,Elakshi Krishnamurthy,42,Pokhara,106029,Information Technology,2,2.6,7/22/2000
205,Shray Handa,52,Biratnagar,38595,Human Resources,26,2.1,7/23/2000
206,Ahana  Yohannan,35,Nepalgunj,107459,Operations,14,1.7,7/24/2000
207,Anaya Kothari,57,Pokhara,80148,Human Resources,16,3.8,7/25/2000
208,Kimaya Babu,54,Lalitpur,66926,Information Technology,17,,7/26/2000
209,Ayesha Magar,53,Butwal,,Marketing,22,3.7,7/27/2000
210,Nehmat Koshy,47,Butwal,54457,Finance,4,2.5,7/28/2000
211,Ira Shan,21,Biratnagar,62531,Information Technology,19,2,7/29/2000
212,Rohan Mall,49,Biratnagar,93263,Operations,2,4,7/30/2000
213,Nehmat Solanki,32,Nepalgunj,93300,Information Technology,39,4.1,7/31/2000
214,Kiaan Biswas,35,Lalitpur,148027,Operations,9,2.8,8/1/2000
215,Pihu Doshi,24,Chitwan,83171,Operations,,3.4,8/2/2000
216,Pihu Vaidya,47,Biratnagar,139229,Operations,16,2.5,8/3/2000
217,Lagan Bhardwaj,58,Butwal,146159,Human Resources,25,3.8,8/4/2000
218,Hridaan Balan,39,Pokhara,138229,Marketing,18,4.3,8/5/2000
219,Yakshit Seshadri,43,Kathmandu,65771,Information Technology,23,3.8,8/6/2000
220,Yasmin Bhat,46,Bhaktapur,113135,Marketing,21,3.1,8/7/2000
221,Anika Shenoy,49,Pokhara,86354,Finance,11,2.8,8/8/2000
222,Indrans Sahni,46,Chitwan,132743,Information Technology,,,8/9/2000
223,Adira Srinivas,45,Kathmandu,133381,Marketing,4,3.7,8/10/2000
224,Gatik Gour,26,Pokhara,57289,Marketing,25,3.2,8/11/2000
225,Hiran Karan,57,Pokhara,53892,Finance,32,3.5,8/12/2000
226,Hrishita Halder,24,Lalitpur,91196,Operations,30,1.4,8/13/2000
227,Romil Verma,42,Bhaktapur,149662,Information Technology,26,4.8,8/14/2000
228,Amani Sehgal,47,Nepalgunj,115057,Information Technology,36,4.2,8/15/2000
229,Tushar Konda,53,Chitwan,58409,Finance,34,2.5,8/16/2000
230,Uthkarsh Loke,34,Butwal,135817,Operations,9,3.3,8/17/2000
231,Dhruv Kant,51,Lalitpur,54470,Information Technology,12,1.2,8/18/2000
232,Aaina Bail,45,Kathmandu,38385,Information Technology,,1.2,8/19/2000
233,Miraan Sharma,50,Bhaktapur,43296,Information Technology,38,2,8/20/2000
234,Vritika Dasgupta,38,Butwal,138566,Operations,5,3.8,8/21/2000
235,Ojas Devi,28,Lalitpur,81716,Finance,5,4.4,8/22/2000
236,Mahika Edwin,48,Bhaktapur,109152,Information Technology,22,3.2,8/23/2000
237,Zaina Bhatti,58,Nepalgunj,46382,Marketing,5,3.1,8/24/2000
238,Kismat Krishnamurthy,23,Chitwan,96675,Operations,4,2.6,8/25/2000
239,Tejas Bhatnagar,22,Biratnagar,141019,Human Resources,9,1.6,8/26/2000
240,Manikya Sarin,48,Nepalgunj,117596,Finance,29,1.5,8/27/2000
241,Jayesh Dar,30,Biratnagar,42419,Marketing,22,4,8/28/2000
242,Kiara Singh,52,Kathmandu,113321,Information Technology,27,4.7,8/29/2000
243,Stuvan Sarna,57,Biratnagar,101238,Human Resources,10,2.8,8/30/2000
244,Indrans Bora,30,Lalitpur,145032,Finance,16,3.6,8/31/2000
245,Vidur Shenoy,46,Kathmandu,114753,Operations,10,4.7,9/1/2000
246,Divij Bhakta,52,Butwal,59291,Human Resources,6,,9/2/2000
247,Gokul Comar,40,Nepalgunj,32397,Human Resources,5,4.1,9/3/2000
248,Aarna Kalla,58,Nepalgunj,126415,Marketing,6,3.5,9/4/2000
249,Dharmajan Tara,50,Chitwan,77888,Finance,25,3.4,9/5/2000
250,Divij Bains,57,Kathmandu,55169,Marketing,4,2.2,9/6/2000
251,Yuvaan Sankaran,21,Butwal,82182,Marketing,32,3.7,9/7/2000
252,Tushar Barman,46,Nepalgunj,112476,Information Technology,35,4.2,9/8/2000
253,Shray Goda,55,Kathmandu,62249,Operations,10,1.5,9/9/2000
254,Gatik Koshy,30,Pokhara,48341,Human Resources,34,3.1,9/10/2000
255,Ishita Walla,37,Pokhara,95603,Finance,36,1.4,9/11/2000
256,Jivin Khalsa,20,Kathmandu,66144,Operations,6,4.5,9/12/2000
257,Aayush Batta,54,Nepalgunj,81772,Operations,16,3,9/13/2000
258,Manjari Kale,54,Bhaktapur,99360,Finance,19,4.2,9/14/2000
259,Zaina Behl,50,Biratnagar,33444,Operations,34,2.5,9/15/2000
260,Hrishita Sampath,47,Pokhara,65647,Information Technology,25,1.5,9/16/2000
261,Alia Dalal,58,Bhaktapur,143662,Operations,31,1.2,9/17/2000
262,Kaira Raju,20,Bhaktapur,134416,Information Technology,17,2.1,9/18/2000
263,Diya Khanna,44,Chitwan,118843,Human Resources,30,2,9/19/2000
264,Anya Bora,57,Butwal,30974,Human Resources,39,3.2,9/20/2000
265,Amira Ganesan,39,Lalitpur,132150,Marketing,31,1.1,9/21/2000
266,Ira Dayal,22,Pokhara,58383,Information Technology,19,3.1,9/22/2000
267,Vihaan Varkey,21,Kathmandu,145548,Human Resources,35,,9/23/2000
268,Dhanush Sabharwal,37,Biratnagar,114826,Operations,29,3.3,9/24/2000
269,Nishith Bal,29,Lalitpur,101552,Finance,1,,9/25/2000
270,Alisha Kari,24,Butwal,117648,Finance,4,3.5,9/26/2000
271,Uthkarsh Hans,28,Bhaktapur,114049,,28,4.9,9/27/2000
272,Madhup Sundaram,,Butwal,22956,Marketing,18,1.6,9/28/2000
273,Kavya Sinha,53,Nepalgunj,28077,Operations,26,2.7,9/29/2000
274,Aaina Dalal,57,,56490,Information Technology,19,2.7,9/30/2000
275,Nitya Kurian,50,Butwal,130363,Finance,6,2.7,10/1/2000
276,Azad Virk,29,Butwal,144713,Information Technology,1,,10/2/2000
277,Miraya Guha,31,Biratnagar,123391,Operations,8,3,10/3/2000
278,Kismat Das,55,Nepalgunj,128642,Human Resources,33,3.1,10/4/2000
279,Akarsh Jaggi,40,Nepalgunj,75612,Operations,21,2.7,10/5/2000
280,Dhruv Mangal,25,,120474,Human Resources,24,5,10/6/2000
281,Stuvan Krishnan,22,,56159,Human Resources,25,4.7,10/7/2000
282,Dharmajan Suri,29,Biratnagar,59710,Human Resources,19,2.2,10/8/2000
283,Himmat Bahri,24,,103536,Information Technology,29,1.4,10/9/2000
284,Nayantara Dugar,45,Butwal,33806,Finance,10,4.4,10/10/2000
285,Tiya Soni,40,Butwal,133096,Information Technology,12,5,10/11/2000
286,Faiyaz Kapur,45,Nepalgunj,98345,Finance,33,,10/12/2000
287,Damini Walla,57,Butwal,100391,Operations,7,2.4,10/13/2000
288,Hunar Brar,45,Chitwan,127412,Marketing,17,4.8,10/14/2000
289,Hrishita Bhalla,27,Biratnagar,114924,Operations,10,3.8,10/15/2000
290,Samar Maharaj,24,Lalitpur,26458,Information Technology,31,2.2,10/16/2000
291,Vivaan Mall,34,Nepalgunj,55524,Information Technology,6,3.3,10/17/2000
292,Eshani Char,35,Pokhara,26853,Finance,17,4.8,10/18/2000
293,Jivika Rau,20,Nepalgunj,60477,Information Technology,37,4.2,10/19/2000
294,Pihu Jaggi,35,Bhaktapur,52222,Human Resources,18,4,10/20/2000
295,Chirag Balay,56,Lalitpur,38320,Information Technology,,3.9,10/21/2000
296,Zaina Lanka,22,Bhaktapur,114154,Finance,,1.7,10/22/2000
297,Sahil Amble,50,Kathmandu,72243,Finance,8,4.3,10/23/2000
298,Damini Rama,32,Kathmandu,65615,Human Resources,24,2.1,10/24/2000
299,Eshani Kakar,35,Bhaktapur,37352,Finance,13,4.7,10/25/2000
300,Keya Soman,40,Butwal,92833,Marketing,29,2.5,10/26/2000
301,Shray Anne,21,Lalitpur,113476,Operations,32,4.4,10/27/2000
302,Umang Dâ€™Alia,46,Butwal,134560,Information Technology,24,2.1,10/28/2000
303,Zaina Lata,57,Nepalgunj,23203,Marketing,16,3.1,10/29/2000
304,Ishita Goyal,45,Chitwan,,Information Technology,11,,10/30/2000
305,Sara Saha,57,Kathmandu,57941,Marketing,32,3.6,10/31/2000
306,Tarini Dua,44,Kathmandu,102809,Information Technology,6,4.3,11/1/2000
307,Advik Gopal,30,Lalitpur,45368,Human Resources,35,3.9,11/2/2000
308,Drishya Saxena,,Kathmandu,97186,Finance,33,3.1,11/3/2000
309,Charvi Sarna,27,Chitwan,50984,Finance,18,1.2,11/4/2000
310,Bhavin Gaba,52,,61941,Human Resources,37,4.7,11/5/2000
311,Azad Dora,26,Chitwan,92918,Marketing,13,3.8,11/6/2000
312,Rania Bahl,57,Pokhara,72683,Operations,10,4,11/7/2000
313,Dhruv Bala,40,Chitwan,146409,,37,4.2,11/8/2000
314,Divij Varughese,27,Chitwan,20801,Finance,26,4,11/9/2000
315,Mamooty Basu,40,Pokhara,126538,Operations,17,2.8,11/10/2000
316,Jivika Krishna,39,Butwal,132201,Information Technology,1,3.9,11/11/2000
317,Tiya Dutt,27,Nepalgunj,,Operations,25,3.5,11/12/2000
318,Krish Chaudhari,50,Biratnagar,105269,Marketing,34,4.4,11/13/2000
319,Jivika Kale,48,Kathmandu,142693,Human Resources,39,4.2,11/14/2000
320,Divyansh Bala,28,Chitwan,29969,Information Technology,10,1.2,11/15/2000
321,Hiran Bawa,34,Kathmandu,55969,Marketing,20,2.5,11/16/2000
322,Devansh Mani,49,Lalitpur,102269,Information Technology,7,1.1,11/17/2000
323,Tanya Soman,45,Kathmandu,52449,Operations,16,1.4,11/18/2000
324,Drishya Brar,29,Bhaktapur,111679,Finance,37,3.4,11/19/2000
325,Shlok Chanda,48,Butwal,45705,Marketing,29,,11/20/2000
326,Rania Swaminathan,35,Nepalgunj,80303,Human Resources,12,1.5,11/21/2000
327,Mahika Sathe,55,Pokhara,48363,Operations,17,2.8,11/22/2000
328,Kashvi Choudhary,39,Kathmandu,50720,Marketing,,4.6,11/23/2000
329,Nishith Singhal,56,Kathmandu,29972,Human Resources,26,4.3,11/24/2000
330,Indrans Solanki,41,Kathmandu,53351,Marketing,19,3.1,11/25/2000
331,Neelofar Walia,26,Biratnagar,131023,Operations,12,4.1,11/26/2000
332,Anahita Dutt,42,Biratnagar,56145,Marketing,21,3.1,11/27/2000
333,Sahil Subramaniam,59,Lalitpur,107948,Information Technology,34,,11/28/2000
334,Raunak Kapur,48,Pokhara,109614,Operations,7,1.5,11/29/2000
335,Shaan Desai,35,Kathmandu,108116,Marketing,35,1.8,11/30/2000
336,Jiya Dyal,57,Kathmandu,76235,Finance,15,2.4,12/1/2000
337,Anvi Uppal,47,Kathmandu,34855,Marketing,1,4.7,12/2/2000
338,Hansh Bora,57,Kathmandu,56169,Information Technology,26,4.2,12/3/2000
339,Alia Reddy,50,Biratnagar,66404,Human Resources,35,2.7,12/4/2000
340,Riya Kata,33,Butwal,39569,Human Resources,25,3,12/5/2000
341,Aniruddh Banik,52,Butwal,145074,Human Resources,15,2.1,12/6/2000
342,Ira Taneja,28,Lalitpur,149006,Finance,22,3.8,12/7/2000
343,Kanav Sen,46,Bhaktapur,74437,Information Technology,6,4.2,12/8/2000
344,Baiju Butala,43,Chitwan,68506,Operations,15,2,12/9/2000
345,Azad Deo,32,Pokhara,45738,Human Resources,24,1.2,12/10/2000
346,Ranbir Upadhyay,45,Butwal,26772,Information Technology,21,3.5,12/11/2000
347,Bhavin Biswas,48,Bhaktapur,110410,Marketing,7,3.3,12/12/2000
348,Kashvi Thakkar,47,Nepalgunj,39731,Finance,29,2.6,12/13/2000
349,Lavanya Ramachandran,47,Nepalgunj,30131,Information Technology,32,3.6,12/14/2000
350,Misha Kurian,27,Kathmandu,86324,Information Technology,32,3.2,12/15/2000
351,Samar Rastogi,42,Nepalgunj,74097,Operations,5,2,12/16/2000
352,Damini Shan,48,Butwal,101720,Information Technology,4,2.6,12/17/2000
353,Hansh Lad,24,Lalitpur,116433,Operations,22,2.7,12/18/2000
354,Zaina Samra,,Chitwan,22889,Finance,18,4.5,12/19/2000
355,Yuvaan Barad,55,Butwal,29569,Finance,35,4.8,12/20/2000
356,Fateh Ratti,46,Lalitpur,107193,Marketing,17,4.6,12/21/2000
357,Gatik Bedi,21,Nepalgunj,95677,Operations,24,3.9,12/22/2000
358,Advik Dhaliwal,44,Biratnagar,105192,Operations,2,3.3,12/23/2000
359,Jhanvi Gulati,28,Chitwan,143757,Human Resources,13,3.8,12/24/2000
360,Sara Sabharwal,46,Lalitpur,107154,Human Resources,15,4.8,12/25/2000
361,Abram Devan,20,Bhaktapur,97470,Marketing,5,2,12/26/2000
362,Vivaan Jain,42,Butwal,128073,Finance,3,3.1,12/27/2000
363,Elakshi Vyas,29,Biratnagar,108822,Human Resources,37,,12/28/2000
364,Indrans Sen,44,Bhaktapur,146019,Information Technology,37,3.7,12/29/2000
365,Vidur Kurian,22,Lalitpur,27612,Finance,37,2,12/30/2000
366,Nitya Varghese,25,Lalitpur,71644,Information Technology,3,3.3,12/31/2000
367,Baiju Lata,25,Nepalgunj,52069,Operations,35,4.2,1/1/2001
368,Anahi Venkataraman,21,Bhaktapur,101741,Finance,23,2.9,1/2/2001
369,Divij Raja,37,Butwal,47331,Marketing,28,4.2,1/3/2001
370,Lakshit Dass,42,Chitwan,75897,Operations,30,2.4,1/4/2001
371,Yuvraj  Ganesan,21,Biratnagar,33934,Operations,18,4.8,1/5/2001
372,Hunar Ranganathan,31,Nepalgunj,30095,Information Technology,36,3.1,1/6/2001
373,Anahita Gupta,41,Kathmandu,111494,Operations,33,3.4,1/7/2001
374,Jayesh Gupta,56,Pokhara,122544,Human Resources,26,1.1,1/8/2001
375,Jivin Solanki,39,Chitwan,38706,Finance,17,1.7,1/9/2001
376,Nakul Kannan,58,Nepalgunj,63516,Human Resources,7,3.5,1/10/2001
377,Sahil Gade,43,Biratnagar,123602,Information Technology,8,2.7,1/11/2001
378,Keya Sama,39,Bhaktapur,117008,,31,3,1/12/2001
379,Kismat Shere,20,Lalitpur,54629,Finance,12,,1/13/2001
380,Zeeshan Walia,20,Bhaktapur,66910,Operations,31,4.3,1/14/2001
381,Samarth Choudhary,36,Nepalgunj,108540,Marketing,19,4.1,1/15/2001
382,Vaibhav Bobal,20,Biratnagar,144746,Information Technology,10,1.7,1/16/2001
383,Anvi Agate,49,Bhaktapur,40431,Finance,39,3.5,1/17/2001
384,Mahika Hora,22,Bhaktapur,76733,Marketing,12,4.3,1/18/2001
385,Ayesha Suresh,30,Pokhara,60088,Operations,20,3.6,1/19/2001
386,Elakshi Kohli,43,Butwal,64135,Information Technology,37,2.2,1/20/2001
387,Khushi Mahal,41,Nepalgunj,135786,Finance,7,3.6,1/21/2001
388,Vivaan Bail,45,Pokhara,58015,Finance,14,1.8,1/22/2001
389,Jayan Bail,32,Nepalgunj,120038,Finance,11,2.3,1/23/2001
390,Adira Saha,20,Kathmandu,51385,Information Technology,7,2,1/24/2001
391,Lakshay Deol,43,Kathmandu,90199,Marketing,29,3.2,1/25/2001
392,Kismat Tank,29,Pokhara,58677,Finance,10,1.4,1/26/2001
393,Yuvraj  Khurana,54,Chitwan,138104,Operations,29,4.7,1/27/2001
394,Akarsh Dani,43,Chitwan,32818,Finance,9,2.3,1/28/2001
395,Sana Sur,47,Bhaktapur,108222,Marketing,36,1.9,1/29/2001
396,Nayantara Sharaf,55,Bhaktapur,83001,Information Technology,10,3,1/30/2001
397,Stuvan Varughese,35,Lalitpur,43977,Finance,19,2.1,1/31/2001
398,Trisha Dass,59,Kathmandu,69832,Finance,31,3.1,2/1/2001
399,Dharmajan Basu,35,Nepalgunj,60931,Operations,17,2.4,2/2/2001
400,Kismat Sur,36,Lalitpur,103990,Operations,,1.5,2/3/2001
401,Nitya Sachar,34,Kathmandu,98894,Finance,33,2.1,2/4/2001
402,Hazel Deshpande,35,Pokhara,92204,Finance,34,2.8,2/5/2001
403,Aradhya Batta,34,Chitwan,65784,Operations,24,1.1,2/6/2001
404,Yakshit Sachar,53,Bhaktapur,126305,Marketing,9,4.1,2/7/2001
405,Sara Garg,30,Chitwan,29921,Human Resources,7,3.5,2/8/2001
406,Pihu Ram,20,Pokhara,54959,Human Resources,16,3.4,2/9/2001
407,Jayan Chadha,34,Lalitpur,52328,Finance,19,3.2,2/10/2001
408,Uthkarsh Kala,45,Lalitpur,28859,Operations,39,3.4,2/11/2001
409,Jhanvi Chakraborty,23,Biratnagar,144492,Information Technology,6,4.7,2/12/2001
410,Vedika Sood,24,Bhaktapur,109506,Information Technology,11,1,2/13/2001
411,Mannat Ramachandran,54,Bhaktapur,94408,Human Resources,12,1.2,2/14/2001
412,Zain Dara,32,Nepalgunj,143852,Marketing,13,1.8,2/15/2001
413,Dhanush Shukla,29,Bhaktapur,104766,Human Resources,12,1.7,2/16/2001
414,Tejas Comar,30,Kathmandu,46708,Finance,21,1.7,2/17/2001
415,Kismat Mandal,37,Lalitpur,38847,Marketing,10,3.7,2/18/2001
416,Faiyaz Kala,53,Pokhara,75989,Information Technology,,2.8,2/19/2001
417,Ira Bhakta,58,Lalitpur,112641,Operations,36,5,2/20/2001
418,Zoya Solanki,42,Chitwan,145383,Operations,28,1.9,2/21/2001
419,Vedika Sekhon,26,Kathmandu,24922,Finance,24,2.2,2/22/2001
420,Shalv Kota,58,Bhaktapur,,Human Resources,5,4.9,2/23/2001
421,Mohanlal Khosla,22,Nepalgunj,72335,Finance,37,4.3,2/24/2001
422,Rati Barad,31,Nepalgunj,146913,Operations,12,2.9,2/25/2001
423,Urvi Bhatnagar,26,Nepalgunj,33541,,35,3.2,2/26/2001
424,Vanya Mammen,45,Butwal,39551,Operations,2,4.4,2/27/2001
425,Vidur Rana,52,Biratnagar,39381,Marketing,,2.9,2/28/2001
426,Farhan Sem,56,Kathmandu,133319,Operations,9,1.8,3/1/2001
427,Kartik Bains,34,Chitwan,75673,Operations,22,4.3,3/2/2001
428,Saksham Saini,21,Bhaktapur,121531,Marketing,5,3.2,3/3/2001
429,Divyansh Mallick,26,Chitwan,42948,Human Resources,12,1.6,3/4/2001
430,Abram Rana,51,Chitwan,112264,Operations,1,3,3/5/2001
431,Vritika Som,23,Bhaktapur,79072,Finance,22,2.7,3/6/2001
432,Zeeshan Ramakrishnan,39,Chitwan,87560,Operations,38,4.5,3/7/2001
433,Samiha Ahuja,55,Nepalgunj,102249,Finance,19,1.5,3/8/2001
434,Samar Balakrishnan,51,Pokhara,22486,Marketing,16,4.5,3/9/2001
435,Divij Hegde,47,Biratnagar,86691,Operations,31,3,3/10/2001
436,Ryan Singh,32,Butwal,30082,Marketing,3,2.6,3/11/2001
437,Shray Arora,20,Chitwan,122781,Marketing,23,1.6,3/12/2001
438,Manikya Venkatesh,54,Chitwan,104105,Human Resources,18,3.8,3/13/2001
439,Badal Chahal,49,Lalitpur,27086,Operations,,4.7,3/14/2001
440,Chirag Chandra,55,Biratnagar,147818,Finance,13,2.5,3/15/2001
441,Pihu Sem,44,Kathmandu,87853,Finance,18,,3/16/2001
442,Aaryahi Behl,35,Biratnagar,121925,Operations,3,3.2,3/17/2001
443,Shray Mane,38,Biratnagar,,Human Resources,23,4.2,3/18/2001
444,Vardaniya Virk,20,Bhaktapur,35916,Human Resources,3,,3/19/2001
445,Anvi Chaudry,24,Bhaktapur,35248,Human Resources,25,3.5,3/20/2001
446,Jiya Vohra,41,Bhaktapur,88047,Finance,27,3.4,3/21/2001
447,Mahika Karnik,43,Butwal,44226,Marketing,27,2.3,3/22/2001
448,Krish Chauhan,56,Nepalgunj,45025,Human Resources,39,2.8,3/23/2001
449,Urvi Barad,55,Biratnagar,127850,Finance,25,2,3/24/2001
450,Biju Walia,,Butwal,68380,Finance,24,4.2,3/25/2001
451,Inaaya  Sharaf,23,Chitwan,27848,Marketing,8,3.5,3/26/2001
452,Rasha Bhavsar,55,Bhaktapur,34274,Operations,9,3.1,3/27/2001
453,Alisha Das,37,Chitwan,140092,Operations,37,2.6,3/28/2001
454,Aarav Deo,35,Bhaktapur,74545,Human Resources,30,2.2,3/29/2001
455,Amani Bansal,37,Pokhara,149043,Human Resources,19,4.3,3/30/2001
456,Akarsh Majumdar,,Butwal,116494,Marketing,,2.8,3/31/2001
457,Nehmat Wali,21,Butwal,135981,Human Resources,24,3,4/1/2001
458,Nirvaan Balay,40,Nepalgunj,55233,Marketing,21,3.1,4/2/2001
459,Lakshit Shukla,55,Kathmandu,36304,Finance,36,2.8,4/3/2001
460,Kiaan Koshy,58,Lalitpur,133973,Human Resources,39,2,4/4/2001
461,Pari Vohra,58,Biratnagar,31294,,6,1.5,4/5/2001
462,Zain Saxena,48,Kathmandu,46425,Information Technology,5,1.4,4/6/2001
463,Shaan Toor,45,Butwal,88711,Marketing,14,4,4/7/2001
464,Sara Dube,40,Kathmandu,126153,,4,1.9,4/8/2001
465,Jayan Saraf,36,Pokhara,130777,Human Resources,8,1.2,4/9/2001
466,Seher Sani,,Lalitpur,113311,Finance,24,4.2,4/10/2001
467,Veer Ravi,50,Nepalgunj,29425,Human Resources,11,1.6,4/11/2001
468,Sumer Singhal,28,,111549,Information Technology,17,3.5,4/12/2001
469,Sana Khanna,50,Butwal,113464,Human Resources,21,2.4,4/13/2001
470,Dhanush Virk,33,Biratnagar,64990,Operations,26,1.5,4/14/2001
471,Anvi Kapadia,56,Nepalgunj,126748,Information Technology,27,2.7,4/15/2001
472,Sahil Setty,21,Nepalgunj,93746,Human Resources,16,1.1,4/16/2001
473,Adira Bhargava,33,Bhaktapur,88295,Finance,26,4.4,4/17/2001
474,Armaan Singh,52,Lalitpur,36091,Human Resources,,3.1,4/18/2001
475,Shray Hari,54,Pokhara,139943,Finance,31,1.6,4/19/2001
476,Aayush Mani,58,Chitwan,143102,Operations,6,1.9,4/20/2001
477,Heer Chhabra,39,Kathmandu,20002,Human Resources,8,2.8,4/21/2001
478,Samiha Dugar,21,Nepalgunj,142818,Operations,7,1.8,4/22/2001
479,Jayesh Iyer,38,Biratnagar,70411,Information Technology,34,2.1,4/23/2001
480,Arnav Kala,56,Butwal,60958,Finance,14,3.1,4/24/2001
481,Manjari Raj,37,Chitwan,147829,Information Technology,16,4.3,4/25/2001
482,Kabir Dara,35,Pokhara,115696,Finance,9,2.6,4/26/2001
483,Taran Chauhan,23,Lalitpur,40707,Operations,10,3.9,4/27/2001
484,Jhanvi Kota,31,,35248,Marketing,17,4.5,4/28/2001
485,Elakshi Chaudhry,48,Kathmandu,91309,Human Resources,12,1.9,4/29/2001
486,Hrishita Jaggi,26,Nepalgunj,98322,Operations,6,4.2,4/30/2001
487,Advika Jaggi,33,Biratnagar,71720,Finance,19,4,5/1/2001
488,Badal Lall,31,Nepalgunj,35037,Finance,29,2.4,5/2/2001
489,Arnav Malhotra,54,Nepalgunj,,Finance,6,5,5/3/2001
490,Kiaan Behl,24,Nepalgunj,125364,Finance,25,2.1,5/4/2001
491,Rati Handa,36,Butwal,101867,Human Resources,24,2,5/5/2001
492,Faiyaz Korpal,51,Butwal,60612,Information Technology,25,4.1,5/6/2001
493,Badal Manda,29,Chitwan,108031,Marketing,16,2.7,5/7/2001
494,Jayan Sandal,36,Chitwan,33450,Human Resources,16,2.3,5/8/2001
495,Jivin Ben,24,,29491,Finance,6,1.7,5/9/2001
496,Piya Mangat,28,Lalitpur,137026,Human Resources,37,4.1,5/10/2001
497,Stuvan Buch,52,Pokhara,94804,Operations,21,4.1,5/11/2001
498,Vihaan Anand,55,Bhaktapur,138446,Finance,4,3.3,5/12/2001
499,Indranil Balay,55,Lalitpur,113293,Marketing,34,4.8,5/13/2001
500,Indrans Dani,37,Lalitpur,139498,Finance,28,2.3,5/14/2001
501,Eshani Shetty,28,Lalitpur,127443,Marketing,38,1.9,5/15/2001
502,Ivan Sule,48,Bhaktapur,26791,Marketing,28,3.7,5/16/2001
503,Shayak Ben,33,Kathmandu,125475,Information Technology,17,4,5/17/2001
504,Emir Kale,44,Bhaktapur,48314,Information Technology,14,1.9,5/18/2001
505,Zaina Krish,34,Kathmandu,71883,Human Resources,7,1.3,5/19/2001
506,Charvi Dayal,25,Bhaktapur,114119,Human Resources,22,4.2,5/20/2001
507,Amira Lad,48,Pokhara,135557,Marketing,1,4.9,5/21/2001
508,Indranil Ghosh,34,,107086,Finance,29,3.6,5/22/2001
509,Zoya Brahmbhatt,48,Lalitpur,85629,Operations,31,2.1,5/23/2001
510,Shanaya Bhatia,23,Nepalgunj,121291,Operations,30,5,5/24/2001
511,Farhan Viswanathan,37,Kathmandu,131151,Finance,15,4.6,5/25/2001
512,Rohan Goel,58,Bhaktapur,29967,Finance,18,3.1,5/26/2001
513,Misha Bhatnagar,35,Pokhara,101754,Information Technology,35,4.3,5/27/2001
514,Piya Sengupta,30,Bhaktapur,63220,Operations,30,4.3,5/28/2001
515,Shayak Vaidya,33,Nepalgunj,94163,Marketing,34,4.7,5/29/2001
516,Lavanya Atwal,22,Butwal,24947,Human Resources,11,4.4,5/30/2001
517,Indrans Sengupta,57,Pokhara,59419,,27,3.6,5/31/2001
518,Aaina Mandal,37,,76131,Operations,24,3.4,6/1/2001
519,Nitara Zachariah,39,Biratnagar,108714,,35,2.9,6/2/2001
520,Zoya Soni,44,,48876,Operations,,3.5,6/3/2001
521,Kismat Lanka,57,Biratnagar,108444,Marketing,8,4.2,6/4/2001
522,Anya Ramakrishnan,32,Pokhara,121448,Information Technology,18,4.9,6/5/2001
523,Azad Choudhury,23,Butwal,39971,Finance,13,2.9,6/6/2001
524,Jayesh Majumdar,33,Nepalgunj,82539,Marketing,24,3.3,6/7/2001
525,Adah Aggarwal,52,Butwal,118120,Human Resources,23,2.8,6/8/2001
526,Shaan Kota,47,Kathmandu,69228,Information Technology,12,3.7,6/9/2001
527,Anahita Dhar,56,Butwal,143695,Marketing,30,3.5,6/10/2001
528,Aayush Devi,27,Chitwan,94495,Marketing,31,1.1,6/11/2001
529,Saanvi Ganesh,53,Pokhara,141241,Finance,28,3.2,6/12/2001
530,Urvi Agarwal,24,Nepalgunj,48261,Human Resources,,1.4,6/13/2001
531,Lagan Sharma,24,,126601,Marketing,28,1.1,6/14/2001
532,Shlok Balan,50,Kathmandu,81260,Information Technology,13,4.2,6/15/2001
533,Suhana Sachdev,28,Nepalgunj,124998,Marketing,25,2,6/16/2001
534,Gatik Jayaraman,51,Butwal,101371,Operations,7,2.4,6/17/2001
535,Kabir Koshy,52,Pokhara,104793,Information Technology,6,1.3,6/18/2001
536,Arnav Sagar,22,Lalitpur,23346,Information Technology,24,1.7,6/19/2001
537,Kashvi Dhawan,49,Butwal,116343,Marketing,19,4.1,6/20/2001
538,Hiran Som,31,Bhaktapur,115954,Finance,19,3,6/21/2001
539,Ojas Rastogi,48,Biratnagar,76176,Information Technology,36,,6/22/2001
540,Riaan Srinivasan,22,Pokhara,,Operations,9,2.6,6/23/2001
541,Neysa Rastogi,45,Nepalgunj,31340,Finance,36,2.1,6/24/2001
542,Advik Dutt,49,,144345,Finance,38,2.4,6/25/2001
543,Vedika Saraf,28,Lalitpur,145467,Finance,29,3.9,6/26/2001
544,Renee Madan,45,Chitwan,53012,Information Technology,24,3.2,6/27/2001
545,Shlok Deshmukh,21,Lalitpur,55393,Finance,5,4.6,6/28/2001
546,Yasmin Luthra,22,Butwal,122153,Marketing,26,3.4,6/29/2001
547,Heer Devan,23,Biratnagar,95133,Finance,14,3,6/30/2001
548,Nitara Agarwal,44,Lalitpur,45557,Operations,39,4.1,7/1/2001
549,Alisha Grover,32,Chitwan,84204,Human Resources,29,4.8,7/2/2001
550,Elakshi Boase,58,Bhaktapur,93273,Operations,6,2.4,7/3/2001
551,Eshani Cheema,54,Kathmandu,132328,Information Technology,7,2,7/4/2001
552,Madhav Butala,42,Pokhara,130304,Finance,37,3.5,7/5/2001
553,Manikya Bora,28,,126637,Finance,18,3,7/6/2001
554,Amani Kurian,21,Chitwan,37276,Marketing,23,5,7/7/2001
555,Rasha Ahluwalia,50,,74639,Finance,38,,7/8/2001
556,Parinaaz Butala,21,Butwal,141939,Operations,1,1.3,7/9/2001
557,Shalv Acharya,51,Butwal,27310,Information Technology,,4.9,7/10/2001
558,Onkar Ganesh,37,Butwal,55167,Human Resources,35,4.4,7/11/2001
559,Dishani Ray,32,Nepalgunj,122944,Finance,23,1.7,7/12/2001
560,Saanvi Mann,24,Nepalgunj,104880,,27,4.6,7/13/2001
561,Elakshi Kant,29,Biratnagar,30391,Finance,26,2.4,7/14/2001
562,Jayant Kale,44,Lalitpur,142013,Information Technology,8,2.5,7/15/2001
563,Jivin Jaggi,53,Biratnagar,70621,Operations,16,4.6,7/16/2001
564,Vihaan Bhatia,56,Butwal,30892,Information Technology,3,3.1,7/17/2001
565,Shlok Sahni,49,Bhaktapur,96733,Human Resources,32,1.6,7/18/2001
566,Ahana  Devi,26,Chitwan,98586,Finance,5,2.5,7/19/2001
567,Anvi Loyal,25,Pokhara,56142,Human Resources,20,3.9,7/20/2001
568,Divyansh Yadav,22,Pokhara,65679,Operations,14,1.7,7/21/2001
569,Riya Wagle,32,Biratnagar,61615,Information Technology,32,3.4,7/22/2001
570,Ahana  Dhar,22,Butwal,67553,Human Resources,26,3.8,7/23/2001
571,Ayesha Loke,45,Nepalgunj,129264,Human Resources,6,2.4,7/24/2001
572,Aaryahi Yogi,43,Kathmandu,99071,Operations,36,3.8,7/25/2001
573,Gokul Chahal,25,Bhaktapur,61002,Finance,5,4.5,7/26/2001
574,Hridaan Handa,31,Biratnagar,128807,Human Resources,13,2.9,7/27/2001
575,Indrajit Lad,55,Butwal,142611,Operations,32,2.5,7/28/2001
576,Amani Butala,21,Lalitpur,90658,Finance,16,2,7/29/2001
577,Vedika Deo,30,Pokhara,29852,Finance,1,3.4,7/30/2001
578,Nirvi Mandal,,Pokhara,25387,Information Technology,13,4.5,7/31/2001
579,Saira Anand,53,,147571,Operations,11,,8/1/2001
580,Stuvan Cherian,45,Pokhara,117295,Finance,8,2.6,8/2/2001
581,Kiaan Deo,37,Kathmandu,125935,Information Technology,25,2.6,8/3/2001
582,Madhup Chaudry,40,Butwal,59994,Marketing,32,3.2,8/4/2001
583,Keya Dugar,55,Butwal,123412,Operations,24,1.9,8/5/2001
584,Sahil Dua,59,Bhaktapur,,Marketing,28,4.3,8/6/2001
585,Rasha Bava,41,Butwal,120414,Finance,14,2.2,8/7/2001
586,Divit Shanker,49,Nepalgunj,53725,Operations,3,3.8,8/8/2001
587,Stuvan Ahuja,49,Bhaktapur,92682,,36,3.1,8/9/2001
588,Amira Dutt,27,Butwal,,Finance,27,3.3,8/10/2001
589,Vritika Verma,53,Kathmandu,144210,Operations,20,1.7,8/11/2001
590,Siya Raja,28,Chitwan,76565,Operations,15,3.9,8/12/2001
591,Hridaan Srivastava,39,Biratnagar,21312,Marketing,27,1.8,8/13/2001
592,Shalv Yogi,59,Biratnagar,38205,Finance,28,1.5,8/14/2001
593,Prisha Dara,44,Butwal,145882,Information Technology,25,3.2,8/15/2001
594,Tarini Sanghvi,38,Lalitpur,31595,Information Technology,33,3.8,8/16/2001
595,Renee Varty,24,Pokhara,107566,Finance,14,1.2,8/17/2001
596,Neysa Bassi,30,Kathmandu,41329,Finance,8,1.3,8/18/2001
597,Saksham Chopra,34,Lalitpur,123678,Human Resources,14,4.2,8/19/2001
598,Rohan Dhar,27,Nepalgunj,88187,Marketing,1,4.2,8/20/2001
599,Neelofar Subramanian,38,Lalitpur,148509,Finance,16,2,8/21/2001
600,Myra Arya,42,Butwal,95542,Finance,18,3.5,8/22/2001
601,Adah Rout,46,Kathmandu,128237,Human Resources,7,2.8,8/23/2001
602,Jayan Sandhu,59,Biratnagar,139389,Human Resources,15,3.5,8/24/2001
603,Vihaan Dara,51,Pokhara,146688,Operations,24,4.5,8/25/2001
604,Nitya Chokshi,45,Biratnagar,134476,Information Technology,13,1.3,8/26/2001
605,Prisha Kulkarni,46,Lalitpur,55645,Marketing,9,4.1,8/27/2001
606,Mannat Loyal,38,Nepalgunj,107502,Operations,15,3,8/28/2001
607,Jayant Sankaran,48,Pokhara,113382,Finance,35,3.3,8/29/2001
608,Faiyaz Srinivas,58,Chitwan,107310,Human Resources,24,3.6,8/30/2001
609,Nirvaan Sahni,52,,89619,Information Technology,33,4.7,8/31/2001
610,Ayesha Doctor,38,Biratnagar,53513,Operations,16,1.2,9/1/2001
611,Navya Sehgal,56,Biratnagar,28749,Information Technology,8,1.1,9/2/2001
612,Prerak Varghese,38,Butwal,50783,Human Resources,29,1.7,9/3/2001
613,Uthkarsh Mangat,52,Biratnagar,80645,Operations,23,4.9,9/4/2001
614,Ishita Saini,35,Kathmandu,102861,Operations,31,3.9,9/5/2001
615,Jhanvi Hans,42,Lalitpur,73175,Information Technology,14,3.5,9/6/2001
616,Dhruv Bhandari,26,Bhaktapur,104216,Human Resources,30,1.2,9/7/2001
617,Krish Din,45,Bhaktapur,,Finance,39,4.5,9/8/2001
618,Vedika Sant,51,Nepalgunj,,Operations,27,4.3,9/9/2001
619,Anaya Kulkarni,31,Pokhara,70762,Finance,16,3.7,9/10/2001
620,Jayan Balan,27,Biratnagar,108220,Human Resources,6,2.4,9/11/2001
621,Sana Khatri,24,Butwal,84222,Operations,33,1.3,9/12/2001
622,Alia Chauhan,47,Butwal,54493,Operations,18,3.3,9/13/2001
623,Ritvik Kala,24,Biratnagar,78328,Finance,16,3.9,9/14/2001
624,Zain Gulati,45,Kathmandu,144467,Marketing,12,1.4,9/15/2001
625,Hridaan Bhatnagar,24,Butwal,32213,Finance,20,3.5,9/16/2001
626,Samaira Bath,41,Bhaktapur,117367,Finance,29,2.1,9/17/2001
627,Ayesha Bhattacharyya,34,Pokhara,127832,Marketing,30,4.1,9/18/2001
628,Keya Bhakta,32,Lalitpur,66930,Human Resources,26,3.2,9/19/2001
629,Ojas Gill,47,Chitwan,47713,Human Resources,22,1.5,9/20/2001
630,Taimur Gopal,52,Kathmandu,127157,Operations,33,3.1,9/21/2001
631,Advik Chaudhuri,42,Nepalgunj,92723,Information Technology,39,2.6,9/22/2001
632,Yuvraj  Sachdeva,,Nepalgunj,118336,Information Technology,29,1.7,9/23/2001
633,Anay Ramachandran,37,Butwal,52583,Operations,22,4.4,9/24/2001
634,Tiya Kashyap,49,Lalitpur,148792,Information Technology,13,1,9/25/2001
635,Darshit Baria,45,Chitwan,133197,Finance,9,2.2,9/26/2001
636,Kiaan Lala,35,Nepalgunj,,Finance,24,1.1,9/27/2001
637,Divij Ravi,32,Biratnagar,42369,Marketing,15,1.4,9/28/2001
638,Saira Sood,58,Biratnagar,67928,Marketing,36,2.2,9/29/2001
639,Akarsh Goswami,52,Pokhara,88950,Operations,13,1.2,9/30/2001
640,Shalv Wason,45,Chitwan,135844,Operations,27,3.4,10/1/2001
641,Onkar Kapoor,20,Biratnagar,39510,Operations,37,1.3,10/2/2001
642,Shray Dube,57,Nepalgunj,142940,Finance,7,3.8,10/3/2001
643,Ivan Bhandari,21,Biratnagar,32120,Information Technology,8,1.2,10/4/2001
644,Mannat Ramanathan,25,Bhaktapur,119847,Operations,37,1.2,10/5/2001
645,Yuvaan Loyal,57,Butwal,118575,Operations,14,2.2,10/6/2001
646,Ivan Kapur,43,Nepalgunj,149269,Finance,12,4.6,10/7/2001
647,Lakshit Bhalla,37,,25295,Finance,36,3.6,10/8/2001
648,Ishaan Lanka,46,Nepalgunj,40460,Finance,17,4.1,10/9/2001
649,Zoya Dugar,27,,34963,Information Technology,29,1.6,10/10/2001
650,Badal Toor,47,Lalitpur,97116,Operations,27,4.3,10/11/2001
651,Abram Kumar,29,Nepalgunj,107822,Human Resources,1,1,10/12/2001
652,Madhav Dewan,36,Biratnagar,47328,Human Resources,,1.9,10/13/2001
653,Vardaniya Raval,48,Bhaktapur,104629,Operations,4,3.5,10/14/2001
654,Hansh Gola,25,Nepalgunj,,Operations,24,2.5,10/15/2001
655,Kashvi Sarna,33,Kathmandu,41605,Operations,21,4.9,10/16/2001
656,Indrans Yadav,41,,130901,Operations,33,1.1,10/17/2001
657,Reyansh Kumar,25,Lalitpur,64813,Information Technology,7,5,10/18/2001
658,Madhav Buch,45,Chitwan,66371,Human Resources,1,3.5,10/19/2001
659,Shalv Warrior,58,Pokhara,128241,Marketing,3,3.2,10/20/2001
660,Jayant Contractor,31,Bhaktapur,67598,Human Resources,15,1.2,10/21/2001
661,Indranil Deo,54,Butwal,80776,Human Resources,31,2.1,10/22/2001
662,Shaan Ray,33,Bhaktapur,143217,Finance,16,4.7,10/23/2001
663,Stuvan Bhandari,41,Kathmandu,92258,Operations,10,2.4,10/24/2001
664,Mannat Bala,42,Kathmandu,60969,Operations,29,3.6,10/25/2001
665,Mehul Magar,26,Lalitpur,56912,Operations,6,5,10/26/2001
666,Hrishita Bhardwaj,59,Chitwan,,Finance,29,2.1,10/27/2001
667,Lagan Buch,44,Chitwan,92302,Information Technology,17,3.3,10/28/2001
668,Jayant Gupta,32,Lalitpur,82784,Information Technology,22,3.8,10/29/2001
669,Saanvi Saxena,40,,69882,Marketing,24,1.7,10/30/2001
670,Vedika Kala,29,Bhaktapur,35928,Information Technology,17,1.6,10/31/2001
671,Alisha Baral,28,Kathmandu,41274,Information Technology,21,,11/1/2001
672,Ishaan Bains,34,Bhaktapur,149994,Operations,11,2.5,11/2/2001
673,Tanya Rajagopalan,21,Bhaktapur,54416,Human Resources,7,3.9,11/3/2001
674,Jayesh Bhat,44,Pokhara,106148,Information Technology,39,1.3,11/4/2001
675,Vritika Jha,,Kathmandu,80998,Information Technology,5,4.9,11/5/2001
676,Akarsh Bawa,53,Chitwan,120434,Finance,21,1.1,11/6/2001
677,Aarna Kohli,53,Butwal,132696,Marketing,18,3.4,11/7/2001
678,Anya Mani,54,Bhaktapur,49047,Finance,35,3.3,11/8/2001
679,Rania Borah,57,Kathmandu,63356,Operations,20,1.5,11/9/2001
680,Advika Ganesh,22,Bhaktapur,57134,Human Resources,15,1.6,11/10/2001
681,Shanaya Venkataraman,25,Pokhara,87042,Marketing,5,4.2,11/11/2001
682,Dhanuk Batta,38,Nepalgunj,71310,Finance,13,4.6,11/12/2001
683,Krish Ahluwalia,22,Biratnagar,137604,Information Technology,12,2.1,11/13/2001
684,Aaryahi Cheema,37,Kathmandu,100758,Information Technology,21,2.8,11/14/2001
685,Kanav Ray,58,Lalitpur,32363,Marketing,37,2.4,11/15/2001
686,Jayant Swamy,28,Biratnagar,105149,Information Technology,6,1.3,11/16/2001
687,Ishaan Bala,31,Bhaktapur,64563,Finance,7,3.7,11/17/2001
688,Rasha Shah,,Lalitpur,50628,Finance,26,4.3,11/18/2001
689,Ishita Ratti,22,Lalitpur,128162,Information Technology,8,2.2,11/19/2001
690,Nishith Chakrabarti,30,Lalitpur,130920,Information Technology,9,5,11/20/2001
691,Neelofar Joshi,49,,140953,Operations,27,1.3,11/21/2001
692,Tara Ganesan,23,Chitwan,89672,Human Resources,4,3.6,11/22/2001
693,Jhanvi Char,24,Bhaktapur,66246,Marketing,21,2.8,11/23/2001
694,Amani Setty,20,Biratnagar,31161,Finance,31,2.8,11/24/2001
695,Krish Gaba,46,Pokhara,120993,Marketing,21,2.8,11/25/2001
696,Eshani Chandran,47,Chitwan,109110,Operations,25,2,11/26/2001
697,Anaya Bassi,48,Bhaktapur,112438,Finance,39,3.9,11/27/2001
698,Lakshay Kakar,37,Nepalgunj,22810,Operations,15,3.9,11/28/2001
699,Dhanuk Wable,31,Nepalgunj,79860,Operations,35,2.1,11/29/2001
700,Ivana Sachdev,32,Kathmandu,97199,Information Technology,37,4.3,11/30/2001
701,Ahana  Baral,21,Lalitpur,91688,Marketing,28,2.3,12/1/2001
702,Nakul Bail,56,Pokhara,85548,Marketing,14,3.9,12/2/2001
703,Saksham Kumar,35,Bhaktapur,82363,Information Technology,4,1.5,12/3/2001
704,Taran Banik,43,Biratnagar,31162,Marketing,20,1.7,12/4/2001
705,Kartik Deshpande,54,Bhaktapur,107858,Information Technology,34,2.3,12/5/2001
706,Farhan Shanker,41,Chitwan,93535,Finance,,3.4,12/6/2001
707,Azad Shanker,55,Nepalgunj,27219,Operations,33,3.6,12/7/2001
708,Kimaya Majumdar,30,Butwal,,Operations,24,2.6,12/8/2001
709,Lagan Magar,48,,23621,Marketing,20,1.3,12/9/2001
710,Charvi Gola,54,Bhaktapur,138371,Human Resources,5,2.5,12/10/2001
711,Bhavin Barman,34,Pokhara,109792,Operations,38,3.8,12/11/2001
712,Lavanya Rastogi,50,Bhaktapur,64433,Information Technology,30,3.7,12/12/2001
713,Anaya Agate,35,Bhaktapur,139998,Human Resources,24,1.6,12/13/2001
714,Jiya Rout,29,Kathmandu,96850,Human Resources,7,1,12/14/2001
715,Kanav Kadakia,51,Biratnagar,146344,Operations,36,4,12/15/2001
716,Yuvraj  Sankaran,21,Pokhara,86188,,38,1.4,12/16/2001
717,Mehul Khurana,43,Bhaktapur,74951,Operations,16,1.3,12/17/2001
718,Hridaan Kapadia,42,Lalitpur,101718,,15,1,12/18/2001
719,Pihu Bera,21,Biratnagar,127116,Human Resources,23,2.7,12/19/2001
720,Ela Rajagopal,57,Chitwan,56558,Marketing,12,3,12/20/2001
721,Aarav Chandra,50,Pokhara,148938,Information Technology,29,3.6,12/21/2001
722,Yuvraj  Ray,59,,35659,Finance,15,,12/22/2001
723,Zara Maharaj,45,Nepalgunj,54413,Operations,29,3.8,12/23/2001
724,Uthkarsh Subramaniam,48,Bhaktapur,30435,Human Resources,,1.7,12/24/2001
725,Inaaya  Raman,22,Chitwan,139200,Information Technology,15,4.3,12/25/2001
726,Neelofar Rana,33,Chitwan,73911,Finance,14,3.3,12/26/2001
727,Amani Sood,44,Kathmandu,48067,Information Technology,16,3.3,12/27/2001
728,Piya Kara,20,Chitwan,107794,Information Technology,15,,12/28/2001
729,Riaan Bhardwaj,22,Lalitpur,113823,Marketing,4,1.3,12/29/2001
730,Nishith Shere,45,Lalitpur,89224,Marketing,27,2.9,12/30/2001
731,Inaaya  Mander,37,Biratnagar,93225,Information Technology,23,3.5,12/31/2001
732,Prerak Bal,28,Bhaktapur,21379,Finance,,1.4,1/1/2002
733,Heer Soni,57,Butwal,122547,Human Resources,9,4.8,1/2/2002
734,Adah Choudhary,42,Nepalgunj,128541,Human Resources,7,4.9,1/3/2002
735,Vihaan Bhardwaj,40,Chitwan,47624,Operations,4,3.2,1/4/2002
736,Advik Sengupta,20,Chitwan,111500,Operations,5,4.8,1/5/2002
737,Raghav Garde,40,Pokhara,108427,Human Resources,5,1.7,1/6/2002
738,Mannat Bedi,46,Kathmandu,134634,Information Technology,11,1.1,1/7/2002
739,Jiya Brar,25,Butwal,142507,Information Technology,28,1.2,1/8/2002
740,Vihaan Jaggi,55,Biratnagar,148701,Marketing,16,3.4,1/9/2002
741,Jivin Bahl,47,Nepalgunj,77745,Marketing,30,1.2,1/10/2002
742,Khushi Sinha,36,Butwal,71805,Operations,4,4.8,1/11/2002
743,Onkar Madan,59,Chitwan,123915,Human Resources,2,,1/12/2002
744,Kismat Madan,22,Pokhara,140815,Information Technology,3,2.2,1/13/2002
745,Aarush Kashyap,31,Bhaktapur,32516,Human Resources,21,4.3,1/14/2002
746,Madhup Sant,58,Kathmandu,99422,Finance,6,1.9,1/15/2002
747,Mannat Bhatt,31,Bhaktapur,105843,Human Resources,18,2,1/16/2002
748,Darshit Kata,21,Biratnagar,149560,Finance,5,3.6,1/17/2002
749,Zain Walla,41,Butwal,44843,Marketing,9,2.1,1/18/2002
750,Anahita Goyal,42,Biratnagar,132020,Marketing,20,1.9,1/19/2002
751,Ivan Banerjee,49,Chitwan,25912,Operations,28,2,1/20/2002
752,Vardaniya Date,24,Biratnagar,41514,Human Resources,26,3,1/21/2002
753,Amani Kala,28,Bhaktapur,107359,Human Resources,18,4.9,1/22/2002
754,Biju Dhar,40,Pokhara,77032,Finance,19,4.3,1/23/2002
755,Vihaan Borah,30,Biratnagar,48797,Marketing,3,2.1,1/24/2002
756,Samarth Kar,24,Lalitpur,26449,Finance,9,2.5,1/25/2002
757,Aarush Varghese,54,Pokhara,21725,Marketing,36,2.9,1/26/2002
758,Indrajit Bumb,46,Butwal,101406,Finance,31,4.9,1/27/2002
759,Divit Sarma,21,Kathmandu,29304,Marketing,17,1.7,1/28/2002
760,Manjari Chad,43,Kathmandu,93058,Finance,23,2.4,1/29/2002
761,Nirvaan Bala,,Chitwan,,Marketing,34,3.9,1/30/2002
762,Bhavin Hora,52,Chitwan,33663,Finance,5,4.9,1/31/2002
763,Saira Bahri,58,Lalitpur,90320,Human Resources,15,1.6,2/1/2002
764,Mahika Issac,49,Butwal,95008,Operations,,1.9,2/2/2002
765,Reyansh Dalal,56,Bhaktapur,135920,Finance,19,1.9,2/3/2002
766,Adira Biswas,47,Kathmandu,114488,Operations,28,1.1,2/4/2002
767,Nakul Goyal,50,Kathmandu,147418,Human Resources,3,3.4,2/5/2002
768,Samarth Chaudhari,30,Kathmandu,95591,Human Resources,38,3.7,2/6/2002
769,Siya Roy,42,Bhaktapur,115044,Marketing,4,3.4,2/7/2002
770,Tejas Behl,21,Kathmandu,32676,Operations,24,1.3,2/8/2002
771,Hiran Mani,59,Biratnagar,45192,Information Technology,31,1.3,2/9/2002
772,Dhanuk Ravel,46,Butwal,44722,Marketing,11,1.8,2/10/2002
773,Shaan Bhandari,54,Pokhara,27446,Operations,37,2.2,2/11/2002
774,Vihaan Mahajan,21,,139304,Finance,1,4.1,2/12/2002
775,Baiju Khalsa,58,Lalitpur,24725,Finance,9,1.6,2/13/2002
776,Amani Dada,56,Biratnagar,105597,Human Resources,17,1.2,2/14/2002
777,Madhup Anand,40,Kathmandu,133073,Information Technology,1,2.6,2/15/2002
778,Tarini Wable,24,Kathmandu,108207,Finance,3,2.7,2/16/2002
779,Mohanlal Malhotra,40,Chitwan,77632,Operations,26,2.8,2/17/2002
780,Ritvik Dhar,48,Chitwan,86945,Operations,31,4.3,2/18/2002
781,Rasha Sura,39,Lalitpur,93741,Finance,26,1.4,2/19/2002
782,Amira Lanka,57,Kathmandu,36365,Operations,23,3.8,2/20/2002
783,Miraan Bakshi,39,Lalitpur,,Operations,30,2.4,2/21/2002
784,Ela Mane,44,Biratnagar,84857,Human Resources,10,2.2,2/22/2002
785,Aarna Bakshi,21,Pokhara,136409,Information Technology,8,4.7,2/23/2002
786,Khushi Joshi,51,Kathmandu,35704,Human Resources,25,2,2/24/2002
787,Diya Rout,45,Butwal,70575,Information Technology,22,3.6,2/25/2002
788,Stuvan Samra,25,Bhaktapur,49902,Operations,15,2.1,2/26/2002
789,Arnav Borde,22,Biratnagar,139641,Information Technology,10,3,2/27/2002
790,Divit Mannan,52,Kathmandu,121294,Operations,20,4.1,2/28/2002
791,Abram Batta,20,Bhaktapur,21195,Operations,23,4.5,3/1/2002
792,Saanvi Saxena,24,,139247,,1,4.4,3/2/2002
793,Taimur Handa,32,Chitwan,73517,Human Resources,2,3.3,3/3/2002
794,Navya Desai,,Lalitpur,54012,Marketing,19,2,3/4/2002
795,Umang Sagar,31,Chitwan,31415,Finance,,3.6,3/5/2002
796,Umang Dash,44,Pokhara,59534,Marketing,8,3.8,3/6/2002
797,Rati Dutt,54,Chitwan,41686,Marketing,38,1,3/7/2002
798,Navya Joshi,31,Kathmandu,97198,Information Technology,12,2.8,3/8/2002
799,Reyansh Chad,49,Butwal,134514,Operations,26,4.4,3/9/2002
800,Manikya Sen,24,Chitwan,48743,Operations,27,3,3/10/2002
801,Kanav Singh,53,Kathmandu,52161,Operations,29,2.2,3/11/2002
802,Anika Wable,41,Pokhara,81313,Finance,15,4.5,3/12/2002
803,Kaira Dhingra,58,Bhaktapur,135994,Information Technology,1,1.6,3/13/2002
804,Nishith Dasgupta,32,Butwal,128617,Information Technology,28,1.8,3/14/2002
805,Badal Dhawan,22,Chitwan,22402,Operations,3,3.7,3/15/2002
806,Nitara Dalal,39,,83190,Marketing,18,,3/16/2002
807,Vanya Bhatti,50,Lalitpur,135184,Finance,34,3.9,3/17/2002
808,Indranil Konda,24,Butwal,72551,Marketing,32,1.6,3/18/2002
809,Anahita Deep,43,Lalitpur,33275,Human Resources,29,2,3/19/2002
810,Lakshay Desai,59,Chitwan,48182,Information Technology,25,1.6,3/20/2002
811,Hridaan Saran,52,Chitwan,34915,Information Technology,26,4.8,3/21/2002
812,Taran Savant,27,Butwal,20909,Marketing,39,2.6,3/22/2002
813,Himmat Jaggi,43,Chitwan,134110,Finance,8,2.3,3/23/2002
814,Raghav Karpe,39,Bhaktapur,85908,Information Technology,19,1.1,3/24/2002
815,Mamooty Lall,35,Kathmandu,147337,Marketing,,1.6,3/25/2002
816,Gatik Wali,31,Pokhara,,Finance,29,2.7,3/26/2002
817,Tara Soni,32,Bhaktapur,54112,Marketing,33,1.3,3/27/2002
818,Jivika Saxena,58,Bhaktapur,94051,Finance,38,3,3/28/2002
819,Ojas Choudhry,44,,22431,Operations,35,2.8,3/29/2002
820,Renee Bobal,51,Kathmandu,106590,Finance,,4.1,3/30/2002
821,Farhan Borra,43,Butwal,82175,Human Resources,19,3.6,3/31/2002
822,Shlok Sachdeva,28,Nepalgunj,137472,Operations,10,2.8,4/1/2002
823,Drishya Golla,59,Lalitpur,,Marketing,27,1.9,4/2/2002
824,Manikya Sibal,42,Kathmandu,96121,Operations,15,3.9,4/3/2002
825,Neysa Keer,,Chitwan,,Operations,11,3.8,4/4/2002
826,Abram Rattan,51,,133766,Marketing,26,1.6,4/5/2002
827,Tarini Tandon,34,Nepalgunj,51958,Marketing,24,4.7,4/6/2002
828,Nehmat Yogi,55,Butwal,144095,Human Resources,13,,4/7/2002
829,Abram Dey,24,Nepalgunj,21695,Marketing,32,1.2,4/8/2002
830,Tejas Sheth,41,Nepalgunj,120211,Information Technology,37,1.7,4/9/2002
831,Himmat Ahuja,35,Lalitpur,139502,Information Technology,4,4.6,4/10/2002
832,Nitya Bhalla,29,Chitwan,69932,Human Resources,13,3.1,4/11/2002
833,Onkar Viswanathan,43,Lalitpur,119323,Finance,9,4.2,4/12/2002
834,Yakshit Chandran,37,Nepalgunj,64225,Finance,34,,4/13/2002
835,Tiya Ratta,37,Nepalgunj,21403,Information Technology,37,3,4/14/2002
836,Heer Mahal,26,Biratnagar,103346,Marketing,7,2.4,4/15/2002
837,Ehsaan Barman,23,Kathmandu,94391,Human Resources,1,4.3,4/16/2002
838,Aradhya Devan,45,Biratnagar,58636,Finance,12,1.1,4/17/2002
839,Nayantara Badami,24,Kathmandu,30839,Finance,21,2,4/18/2002
840,Pari Dar,35,Pokhara,85546,Operations,11,1.6,4/19/2002
841,Oorja Kulkarni,54,Bhaktapur,124634,Information Technology,14,4.4,4/20/2002
842,Divyansh Sachdev,45,Butwal,67829,Marketing,34,2.9,4/21/2002
843,Madhav Seshadri,37,Lalitpur,29230,Human Resources,34,2.6,4/22/2002
844,Vardaniya Bhagat,48,Pokhara,71977,Finance,25,2.8,4/23/2002
845,Tanya Dhawan,42,Pokhara,60232,Operations,4,4.9,4/24/2002
846,Vihaan Dave,33,Butwal,133050,Information Technology,26,4.4,4/25/2002
847,Yasmin Warrior,34,Butwal,121307,Information Technology,16,3.8,4/26/2002
848,Chirag Rastogi,52,,114792,Human Resources,10,2.2,4/27/2002
849,Yashvi Rout,44,Biratnagar,45651,Finance,2,1.7,4/28/2002
850,Tushar Kumar,40,Chitwan,117919,Human Resources,35,4.7,4/29/2002
851,Shaan Gole,36,Kathmandu,59963,Human Resources,19,2.7,4/30/2002
852,Anya Venkataraman,42,Chitwan,75872,Operations,6,2.1,5/1/2002
853,Amira Bhandari,36,Pokhara,137776,Information Technology,19,2.9,5/2/2002
854,Khushi Thaker,,Chitwan,99198,Marketing,8,4.7,5/3/2002
855,Fateh Dua,48,Biratnagar,33739,Information Technology,14,2.5,5/4/2002
856,Ayesha Chakrabarti,39,Kathmandu,83294,Information Technology,10,3.3,5/5/2002
857,Nirvaan Dugal,49,Nepalgunj,68356,Operations,3,4.2,5/6/2002
858,Advik Bhalla,38,Butwal,21789,Marketing,38,2.7,5/7/2002
859,Nirvi Kapadia,58,Nepalgunj,39420,Finance,29,1.9,5/8/2002
860,Ritvik Grover,32,Biratnagar,109297,Marketing,15,5,5/9/2002
861,Jivin Sethi,37,Bhaktapur,125902,Finance,23,4.8,5/10/2002
862,Zoya Ganguly,42,Biratnagar,57606,Marketing,23,4.4,5/11/2002
863,Shanaya Manne,52,Bhaktapur,58640,Human Resources,18,3.8,5/12/2002
864,Nishith Dey,58,,138341,Marketing,19,2.2,5/13/2002
865,Rohan Kapur,59,Butwal,64135,Operations,,4.7,5/14/2002
866,Krish Chaudhari,37,Biratnagar,57067,Finance,26,2.1,5/15/2002
867,Arnav Ghosh,28,Nepalgunj,78420,Information Technology,10,4.2,5/16/2002
868,Akarsh Chaudhari,52,Bhaktapur,37357,Operations,4,4.7,5/17/2002
869,Nehmat Kata,51,Butwal,59851,Finance,2,3.4,5/18/2002
870,Shamik Thaker,36,Lalitpur,58262,Finance,3,4.2,5/19/2002
871,Lagan Chopra,38,Lalitpur,144745,Information Technology,7,4.2,5/20/2002
872,Aayush Shukla,46,Lalitpur,96853,Human Resources,16,1.8,5/21/2002
873,Yashvi Jaggi,25,Chitwan,78643,Operations,,3.7,5/22/2002
874,Tiya Tiwari,54,,138094,Information Technology,10,,5/23/2002
875,Vardaniya Bahl,56,Kathmandu,41534,Information Technology,19,3,5/24/2002
876,Trisha Barad,53,Nepalgunj,111270,Human Resources,28,1.6,5/25/2002
877,Hridaan Wali,39,Kathmandu,121433,Operations,17,2.7,5/26/2002
878,Misha Kunda,44,Chitwan,52872,Information Technology,28,4.3,5/27/2002
879,Mishti Bhatt,23,Kathmandu,125737,Human Resources,19,4.9,5/28/2002
880,Kanav Dâ€™Alia,29,Bhaktapur,27689,Operations,37,2.3,5/29/2002
881,Piya Dada,29,Lalitpur,89103,Marketing,23,3.1,5/30/2002
882,Devansh Upadhyay,43,Nepalgunj,,Finance,20,3,5/31/2002
883,Zara Chana,40,Biratnagar,106310,Human Resources,13,4.8,6/1/2002
884,Aarush Kashyap,30,Kathmandu,108731,Finance,13,2.9,6/2/2002
885,Suhana Rout,46,,135869,Marketing,11,3.8,6/3/2002
886,Nishith Gopal,35,Pokhara,57412,Information Technology,15,4.7,6/4/2002
887,Tara Kota,45,Pokhara,67734,Information Technology,17,2.5,6/5/2002
888,Pari Sundaram,49,Pokhara,129634,Operations,28,4.6,6/6/2002
889,Inaaya  Suresh,35,Biratnagar,107793,Human Resources,19,4.7,6/7/2002
890,Rati Mall,26,Lalitpur,89930,,4,4.7,6/8/2002
891,Nakul Tara,35,Butwal,121838,Operations,22,2.1,6/9/2002
892,Aradhya Sabharwal,54,Lalitpur,42228,Finance,22,2.6,6/10/2002
893,Lakshay Sethi,,Nepalgunj,140627,Information Technology,37,4.5,6/11/2002
894,Anay Kapadia,59,Lalitpur,97924,,39,2.4,6/12/2002
895,Armaan Halder,31,Biratnagar,31319,Human Resources,34,3.4,6/13/2002
896,Anvi Raman,54,Bhaktapur,26475,Human Resources,33,1.5,6/14/2002
897,Mamooty Golla,40,Bhaktapur,117091,Operations,33,1.2,6/15/2002
898,Vanya Borde,55,Biratnagar,103694,Marketing,12,2.6,6/16/2002
899,Kismat Sachdev,36,Pokhara,34728,Finance,2,3.3,6/17/2002
900,Stuvan Lata,51,Kathmandu,130310,Marketing,28,2.6,6/18/2002
901,Abram Aggarwal,25,Chitwan,49545,Marketing,10,3.3,6/19/2002
902,Raghav Kant,43,Chitwan,116636,Human Resources,22,3.1,6/20/2002
903,Nitya Dutt,46,Butwal,142971,Human Resources,17,3.7,6/21/2002
904,Manikya Dube,39,Kathmandu,101686,Human Resources,26,3.6,6/22/2002
905,Tiya Chatterjee,44,Butwal,118750,Marketing,3,2.7,6/23/2002
906,Seher Keer,21,Pokhara,118412,Finance,7,2.7,6/24/2002
907,Indrajit Sankar,28,Butwal,81756,Human Resources,8,1.6,6/25/2002
908,Ira Bhardwaj,47,Kathmandu,88775,Information Technology,20,,6/26/2002
909,Mahika Grewal,57,Nepalgunj,58699,Finance,,3.3,6/27/2002
910,Sara Banik,22,Kathmandu,56821,Information Technology,35,2.9,6/28/2002
911,Farhan Warrior,39,Chitwan,50615,Finance,17,2.3,6/29/2002
912,Samaira Chandran,,Bhaktapur,33746,,28,3.9,6/30/2002
913,Mannat Dubey,58,Pokhara,,Operations,10,1.3,7/1/2002
914,Jiya Varghese,52,Nepalgunj,42745,Human Resources,22,4.7,7/2/2002
915,Samaira Soman,20,Biratnagar,21245,Marketing,38,1.1,7/3/2002
916,Devansh Badami,56,Nepalgunj,137408,Marketing,33,,7/4/2002
917,Mamooty Wagle,25,Nepalgunj,132143,Finance,22,2.8,7/5/2002
918,Yuvraj  Master,53,Butwal,44853,Marketing,37,2.7,7/6/2002
919,Rasha Shan,34,Chitwan,47632,Human Resources,13,2,7/7/2002
920,Zaina Dugar,45,Butwal,32856,Information Technology,27,1,7/8/2002
921,Anahi Char,33,Butwal,76893,Human Resources,15,2.1,7/9/2002
922,Vanya Dyal,26,Biratnagar,90641,Finance,22,1.4,7/10/2002
923,Rania Baral,50,Pokhara,121226,Marketing,30,3.6,7/11/2002
924,Gatik Saini,43,Kathmandu,88049,Information Technology,37,2.3,7/12/2002
925,Madhav Krishnamurthy,50,Lalitpur,78182,Operations,34,4.1,7/13/2002
926,Baiju Warrior,48,Butwal,22801,Information Technology,34,1.8,7/14/2002
927,Advik Dutt,51,Lalitpur,117881,Information Technology,35,4.6,7/15/2002
928,Riya Tata,36,Pokhara,99431,Human Resources,19,3.1,7/16/2002
929,Taran Apte,33,Lalitpur,59749,Operations,8,1.5,7/17/2002
930,Ritvik Borra,,Butwal,93757,Finance,39,2.6,7/18/2002
931,Gatik Kari,55,Biratnagar,75654,Finance,33,1.8,7/19/2002
932,Vritika Solanki,43,Lalitpur,91574,Information Technology,28,,7/20/2002
933,Madhav Aurora,46,Pokhara,117567,Information Technology,37,3,7/21/2002
934,Indranil Mahajan,44,Pokhara,75381,,25,3.7,7/22/2002
935,Vaibhav Sarin,51,Bhaktapur,78601,Operations,,4.6,7/23/2002
936,Kavya Arya,37,Bhaktapur,35082,Information Technology,17,3,7/24/2002
937,Nakul Dave,37,Biratnagar,34648,Marketing,24,4.9,7/25/2002
938,Pihu Anand,56,Lalitpur,20364,Operations,21,4.8,7/26/2002
939,Amani Kadakia,45,Lalitpur,54568,Finance,2,4.5,7/27/2002
940,Vihaan Edwin,28,Bhaktapur,99646,Marketing,31,3,7/28/2002
941,Ira Barad,,Kathmandu,91494,Operations,33,1.6,7/29/2002
942,Ryan Khare,27,Chitwan,94632,Marketing,30,1.9,7/30/2002
943,Hazel Tella,39,Pokhara,27436,Information Technology,12,3.6,7/31/2002
944,Anahi Rout,41,Kathmandu,106713,Human Resources,12,2.7,8/1/2002
945,Jiya Mammen,38,Pokhara,46754,,24,1.6,8/2/2002
946,Aayush Mahal,49,Nepalgunj,80194,Information Technology,24,2.9,8/3/2002
947,Advika Chander,47,Nepalgunj,44544,Information Technology,11,1.1,8/4/2002
948,Amani Sunder,54,Kathmandu,80180,Operations,13,3.9,8/5/2002
949,Jayant Gandhi,30,Nepalgunj,83295,Marketing,27,1.3,8/6/2002
950,Vidur Barad,50,Bhaktapur,32638,Finance,8,3.5,8/7/2002
951,Indranil Arya,58,Bhaktapur,85715,Information Technology,10,4.2,8/8/2002
952,Hunar Bhakta,55,Chitwan,89409,Operations,8,1.5,8/9/2002
953,Aarush Mand,49,Kathmandu,148479,Finance,20,3.1,8/10/2002
954,Zaina Dasgupta,42,Pokhara,138648,Marketing,8,4.1,8/11/2002
955,Shalv Shankar,38,Lalitpur,103106,Information Technology,9,2,8/12/2002
956,Samaira Balay,31,Pokhara,148782,Information Technology,7,1.7,8/13/2002
957,Ehsaan Bhalla,34,Butwal,146839,Information Technology,14,2.3,8/14/2002
958,Nakul Singhal,50,Bhaktapur,133759,Finance,28,3.2,8/15/2002
959,Bhavin Bhandari,56,Biratnagar,37157,Finance,2,3.3,8/16/2002
960,Rhea Tara,56,Biratnagar,65565,Finance,8,1.5,8/17/2002
961,Samaira Banik,34,Bhaktapur,89996,Finance,13,2.8,8/18/2002
962,Shray Raja,,Butwal,133620,Operations,21,2.1,8/19/2002
963,Ehsaan Sabharwal,45,Biratnagar,85888,Human Resources,28,4.4,8/20/2002
964,Pari Bhatia,,Nepalgunj,76095,Operations,35,2.3,8/21/2002
965,Hiran Dua,39,Bhaktapur,84947,Information Technology,23,4.4,8/22/2002
966,Anvi Agarwal,34,Biratnagar,,Operations,15,2.7,8/23/2002
967,Armaan Dara,23,Bhaktapur,90880,Marketing,2,,8/24/2002
968,Fateh Brar,41,Chitwan,24507,Finance,12,3,8/25/2002
969,Vivaan Das,57,Lalitpur,123134,,36,3.5,8/26/2002
970,Anya Tella,42,Lalitpur,63988,Marketing,3,2.6,8/27/2002
971,Emir Chacko,45,Pokhara,118421,Information Technology,5,4.1,8/28/2002
972,Sana Kale,30,Butwal,36865,Finance,3,2.7,8/29/2002
973,Divij Sha,47,Bhaktapur,122591,Marketing,19,2.8,8/30/2002
974,Kashvi Gera,21,Kathmandu,149614,Information Technology,2,3.1,8/31/2002
975,Hiran Seth,27,Pokhara,47213,Finance,37,4.3,9/1/2002
976,Tejas Tiwari,48,Pokhara,75954,Human Resources,17,3.6,9/2/2002
977,Riya Krishnan,30,Bhaktapur,77450,Information Technology,14,,9/3/2002
978,Bhavin Roy,56,Bhaktapur,24477,Operations,28,3.7,9/4/2002
979,Nitya Lala,37,Pokhara,82222,Finance,27,3.6,9/5/2002
980,Divit Kibe,33,Pokhara,26533,Marketing,10,4.7,9/6/2002
981,Vaibhav Randhawa,29,Lalitpur,69395,Marketing,3,4.4,9/7/2002
982,Dhruv Sani,54,Kathmandu,145512,Operations,,,9/8/2002
983,Myra Sibal,28,Nepalgunj,43396,Operations,38,2.4,9/9/2002
984,Anvi Master,54,Pokhara,32755,Marketing,25,4.1,9/10/2002
985,Kiaan Anne,30,Nepalgunj,20865,Finance,22,3.3,9/11/2002
986,Dhruv Jayaraman,31,Lalitpur,31173,Information Technology,39,4.9,9/12/2002
987,Aayush Goswami,22,Pokhara,78905,Operations,30,2,9/13/2002
988,Anay Sura,58,Biratnagar,58097,Operations,21,1.3,9/14/2002
989,Tara Chander,33,Pokhara,53371,Operations,30,1.3,9/15/2002
990,Kiara Mander,47,Bhaktapur,124060,Human Resources,28,3.6,9/16/2002
991,Indranil Kant,30,Butwal,31254,Finance,31,4.8,9/17/2002
992,Mannat Dhillon,58,Butwal,24018,Finance,26,,9/18/2002
993,Nishith Thaker,44,Pokhara,25192,Finance,22,3.9,9/19/2002
994,Pranay Zachariah,40,Chitwan,22015,Finance,21,3.6,9/20/2002
995,Stuvan Soni,29,Biratnagar,128154,Finance,1,3.9,9/21/2002
996,Vardaniya Chahal,34,Kathmandu,88916,Marketing,37,2.4,9/22/2002
997,Charvi Kannan,38,Pokhara,48343,Operations,13,4.3,9/23/2002
998,Jiya Sathe,41,Nepalgunj,89306,Marketing,21,1.2,9/24/2002
999,Anvi Ratta,40,Kathmandu,25829,Human Resources,9,4,9/25/2002
1000,Nirvaan Comar,51,Biratnagar,54381,Information Technology,17,2.1,9/26/2002
